<?xml version="1.0" encoding="UTF-8"?>
<GenRun Id="impl_1" LaunchPart="xc7a35tcpg236-1" LaunchTime="1695335409">
  <File Type="ROUTE-PWR" Name="UART_power_routed.rpt"/>
  <File Type="PA-TCL" Name="UART.tcl"/>
  <File Type="ROUTE-PWR-SUM" Name="UART_power_summary_routed.pb"/>
  <File Type="REPORTS-TCL" Name="UART_reports.tcl"/>
  <File Type="BITSTR-MSK" Name="UART.msk"/>
  <File Type="ROUTE-CLK" Name="UART_clock_utilization_routed.rpt"/>
  <File Type="RDI-RDI" Name="UART.vdi"/>
  <File Type="POSTROUTE-PHYSOPT-BUS-SKEW-PB" Name="UART_bus_skew_postroute_physopted.pb"/>
  <File Type="BG-BIT" Name="UART.bit"/>
  <File Type="BG-DRC" Name="UART.drc"/>
  <File Type="BG-BGN" Name="UART.bgn"/>
  <File Type="BG-BIN" Name="UART.bin"/>
  <File Type="BITSTR-RBT" Name="UART.rbt"/>
  <File Type="BITSTR-NKY" Name="UART.nky"/>
  <File Type="BITSTR-BMM" Name="UART_bd.bmm"/>
  <File Type="BITSTR-MMI" Name="UART.mmi"/>
  <File Type="ROUTE-METHODOLOGY-DRC" Name="UART_methodology_drc_routed.rpt"/>
  <File Type="BITSTR-SYSDEF" Name="UART.sysdef"/>
  <File Type="ROUTE-METHODOLOGY-DRC-PB" Name="UART_methodology_drc_routed.pb"/>
  <File Type="BITSTR-LTX" Name="debug_nets.ltx"/>
  <File Type="BITSTR-LTX" Name="UART.ltx"/>
  <File Type="BOOT-PDI-FILE" Name="UART_soc.pdi"/>
  <File Type="WBT-USG" Name="usage_statistics_webtalk.html"/>
  <File Type="NPI_FILE" Name="UART.npi"/>
  <File Type="OPT-DRC" Name="UART_drc_opted.rpt"/>
  <File Type="RBD_FILE" Name="UART.rbd"/>
  <File Type="OPT-HWDEF" Name="UART.hwdef"/>
  <File Type="PLACE-IO" Name="UART_io_placed.rpt"/>
  <File Type="PLACE-UTIL" Name="UART_utilization_placed.rpt"/>
  <File Type="PLACE-UTIL-PB" Name="UART_utilization_placed.pb"/>
  <File Type="PLACE-CTRL" Name="UART_control_sets_placed.rpt"/>
  <File Type="PLACE-PRE-SIMILARITY" Name="UART_incremental_reuse_pre_placed.rpt"/>
  <File Type="ROUTE-DRC" Name="UART_drc_routed.rpt"/>
  <File Type="ROUTE-DRC-PB" Name="UART_drc_routed.pb"/>
  <File Type="ROUTE-PWR-RPX" Name="UART_power_routed.rpx"/>
  <File Type="ROUTE-STATUS" Name="UART_route_status.rpt"/>
  <File Type="ROUTE-STATUS-PB" Name="UART_route_status.pb"/>
  <File Type="ROUTE-DCP" Name="UART_routed.dcp"/>
  <File Type="ROUTE-ERROR-DCP" Name="UART_routed_error.dcp"/>
  <File Type="ROUTE-BLACKBOX-DCP" Name="UART_routed_bb.dcp"/>
  <File Type="ROUTE-TIMINGSUMMARY" Name="UART_timing_summary_routed.rpt"/>
  <File Type="ROUTE-TIMING-PB" Name="UART_timing_summary_routed.pb"/>
  <File Type="ROUTE-TIMING-RPX" Name="UART_timing_summary_routed.rpx"/>
  <File Type="ROUTE-SIMILARITY" Name="UART_incremental_reuse_routed.rpt"/>
  <File Type="ROUTE-BUS-SKEW" Name="UART_bus_skew_routed.rpt"/>
  <File Type="ROUTE-BUS-SKEW-PB" Name="UART_bus_skew_routed.pb"/>
  <File Type="ROUTE-BUS-SKEW-RPX" Name="UART_bus_skew_routed.rpx"/>
  <File Type="OPT-DCP" Name="UART_opt.dcp"/>
  <File Type="PLACE-DCP" Name="UART_placed.dcp"/>
  <File Type="PWROPT-DCP" Name="UART_pwropt.dcp"/>
  <File Type="POSTPLACE-PWROPT-DCP" Name="UART_postplace_pwropt.dcp"/>
  <File Type="PHYSOPT-DCP" Name="UART_physopt.dcp"/>
  <File Type="POSTROUTE-PHYSOPT-DCP" Name="UART_postroute_physopt.dcp"/>
  <File Type="POSTROUTE-PHYSOPT-BLACKBOX-DCP" Name="UART_postroute_physopt_bb.dcp"/>
  <File Type="POSTROUTE-PHYSOPT-TIMING" Name="UART_timing_summary_postroute_physopted.rpt"/>
  <File Type="POSTROUTE-PHYSOPT-TIMING-PB" Name="UART_timing_summary_postroute_physopted.pb"/>
  <File Type="POSTROUTE-PHYSOPT-TIMING-RPX" Name="UART_timing_summary_postroute_physopted.rpx"/>
  <File Type="POSTROUTE-PHYSOPT-BUS-SKEW" Name="UART_bus_skew_postroute_physopted.rpt"/>
  <File Type="POSTROUTE-PHYSOPT-BUS-SKEW-RPX" Name="UART_bus_skew_postroute_physopted.rpx"/>
  <File Type="ROUTE-DRC-RPX" Name="UART_drc_routed.rpx"/>
  <File Type="ROUTE-METHODOLOGY-DRC-RPX" Name="UART_methodology_drc_routed.rpx"/>
  <File Type="PDI-FILE" Name="UART.pdi"/>
  <File Type="PL-PDI-FILE" Name="UART_pld.pdi"/>
  <File Type="RCFI_FILE" Name="UART.rcfi"/>
  <File Type="CFI_FILE" Name="UART.cfi"/>
  <File Type="RNPI_FILE" Name="UART.rnpi"/>
  <File Type="ROUTE-RQS" Name="UART_routed.rqs"/>
  <File Type="POSTROUTE-PHYSOPT-RQS" Name="UART_postroute_physopted.rqs"/>
  <File Type="ROUTE-RQS-RPT" Name="route_report_qor_suggestions_0.rpt"/>
  <File Type="POSTROUTE-PHYSOPT-RQS-RPT" Name="postroute_physopt_report_qor_suggestions_0.rpt"/>
  <FileSet Name="sources" Type="DesignSrcs" RelSrcDir="$PSRCDIR/sources_1" RelGenDir="$PGENDIR/sources_1">
    <Filter Type="Srcs"/>
    <File Path="$PSRCDIR/sources_1/new/Clk_div_pulse.vhd">
      <FileInfo>
        <Attr Name="ImportPath" Val="$PPRDIR/../../../../garrettnadauld/Lab1/Lab1.srcs/sources_1/new/Clk_div_pulse.vhd"/>
        <Attr Name="ImportTime" Val="1694120934"/>
        <Attr Name="UsedIn" Val="synthesis"/>
        <Attr Name="UsedIn" Val="simulation"/>
      </FileInfo>
    </File>
    <File Path="$PSRCDIR/sources_1/new/Controller.vhd">
      <FileInfo>
        <Attr Name="ImportPath" Val="$PPRDIR/../../../../garrettnadauld/Lab1/Lab1.srcs/sources_1/new/Controller.vhd"/>
        <Attr Name="ImportTime" Val="1694125712"/>
        <Attr Name="UsedIn" Val="synthesis"/>
        <Attr Name="UsedIn" Val="simulation"/>
      </FileInfo>
    </File>
    <File Path="$PSRCDIR/sources_1/new/DFlip.vhd">
      <FileInfo>
        <Attr Name="ImportPath" Val="$PPRDIR/../../../../garrettnadauld/Lab1/Lab1.srcs/sources_1/new/DFlip.vhd"/>
        <Attr Name="ImportTime" Val="1694116524"/>
        <Attr Name="UsedIn" Val="synthesis"/>
        <Attr Name="UsedIn" Val="simulation"/>
      </FileInfo>
    </File>
    <File Path="$PSRCDIR/sources_1/new/Shift_8.vhd">
      <FileInfo>
        <Attr Name="ImportPath" Val="$PPRDIR/../../../../garrettnadauld/Lab1/Lab1.srcs/sources_1/new/Shift_8.vhd"/>
        <Attr Name="ImportTime" Val="1694122594"/>
        <Attr Name="UsedIn" Val="synthesis"/>
        <Attr Name="UsedIn" Val="simulation"/>
      </FileInfo>
    </File>
    <File Path="$PSRCDIR/sources_1/new/UART_RX.vhd">
      <FileInfo>
        <Attr Name="UsedIn" Val="synthesis"/>
        <Attr Name="UsedIn" Val="simulation"/>
      </FileInfo>
    </File>
    <File Path="$PSRCDIR/sources_1/new/UART_TX.vhd">
      <FileInfo>
        <Attr Name="UsedIn" Val="synthesis"/>
        <Attr Name="UsedIn" Val="simulation"/>
      </FileInfo>
    </File>
    <File Path="$PSRCDIR/sources_1/new/UART.vhd">
      <FileInfo>
        <Attr Name="UsedIn" Val="synthesis"/>
        <Attr Name="UsedIn" Val="simulation"/>
      </FileInfo>
    </File>
    <Config>
      <Option Name="DesignMode" Val="RTL"/>
      <Option Name="TopModule" Val="UART"/>
    </Config>
  </FileSet>
  <FileSet Name="constrs_in" Type="Constrs" RelSrcDir="$PSRCDIR/constrs_1" RelGenDir="$PGENDIR/constrs_1">
    <Filter Type="Constrs"/>
    <File Path="$PSRCDIR/constrs_1/new/UART_RX_const.xdc">
      <FileInfo>
        <Attr Name="UsedIn" Val="synthesis"/>
        <Attr Name="UsedIn" Val="implementation"/>
      </FileInfo>
    </File>
    <File Path="$PSRCDIR/constrs_1/new/UART_const.xdc">
      <FileInfo>
        <Attr Name="UsedIn" Val="synthesis"/>
        <Attr Name="UsedIn" Val="implementation"/>
      </FileInfo>
    </File>
    <Config>
      <Option Name="ConstrsType" Val="XDC"/>
    </Config>
  </FileSet>
  <FileSet Name="utils" Type="Utils" RelSrcDir="$PSRCDIR/utils_1" RelGenDir="$PGENDIR/utils_1">
    <Filter Type="Utils"/>
    <Config>
      <Option Name="TopAutoSet" Val="TRUE"/>
    </Config>
  </FileSet>
  <Strategy Version="1" Minor="2">
    <StratHandle Name="Vivado Implementation Defaults" Flow="Vivado Implementation 2020"/>
    <Step Id="init_design"/>
    <Step Id="opt_design"/>
    <Step Id="power_opt_design"/>
    <Step Id="place_design"/>
    <Step Id="post_place_power_opt_design"/>
    <Step Id="phys_opt_design"/>
    <Step Id="route_design"/>
    <Step Id="post_route_phys_opt_design"/>
    <Step Id="write_bitstream"/>
    <Step Id="write_device_image"/>
  </Strategy>
</GenRun>
